{"cameraMode":{"drawMode":0,"name":"Shaded","section":"Shading Mode"},"sceneLighting":true,"audioPlay":false,"sceneViewState":{"m_AlwaysRefresh":false,"showFog":true,"showSkybox":true,"showFlares":true,"showImageEffects":true,"showParticleSystems":true,"showVisualEffectGraphs":true,"m_FxEnabled":true},"in2DMode":false,"pivot":{"x":11.831315994262696,"y":18.990278244018556,"z":9.033614158630371},"rotation":{"x":0.1490553617477417,"y":-0.11910910159349442,"z":0.018081458285450937,"w":0.9815037846565247},"size":9.39145278930664,"orthographic":false}