{"cameraMode":{"drawMode":0,"name":"Shaded","section":"Shading Mode"},"sceneLighting":true,"audioPlay":false,"sceneViewState":{"m_AlwaysRefresh":false,"showFog":true,"showSkybox":true,"showFlares":true,"showImageEffects":true,"showParticleSystems":true,"showVisualEffectGraphs":true,"m_FxEnabled":true},"in2DMode":false,"pivot":{"x":18.219451904296876,"y":17.587297439575197,"z":46.95628356933594},"rotation":{"x":-0.32232967019081118,"y":0.013418575748801232,"z":-0.004548636730760336,"w":-0.9465569257736206},"size":5.238718032836914,"orthographic":false}