{"cameraMode":{"drawMode":0,"name":"Shaded","section":"Shading Mode"},"sceneLighting":true,"audioPlay":false,"sceneViewState":{"m_AlwaysRefresh":false,"showFog":true,"showSkybox":true,"showFlares":true,"showImageEffects":true,"showParticleSystems":true,"showVisualEffectGraphs":true,"m_FxEnabled":true},"in2DMode":false,"pivot":{"x":-135.76193237304688,"y":-331.9570007324219,"z":-253.09349060058595},"rotation":{"x":0.09694316983222962,"y":-0.8862318992614746,"z":0.4005244970321655,"w":0.21301375329494477},"size":230.26483154296876,"orthographic":false}