{"cameraMode":{"drawMode":0,"name":"Shaded","section":"Shading Mode"},"sceneLighting":true,"audioPlay":false,"sceneViewState":{"m_AlwaysRefresh":false,"showFog":true,"showSkybox":true,"showFlares":true,"showImageEffects":true,"showParticleSystems":true,"showVisualEffectGraphs":true,"m_FxEnabled":true},"in2DMode":false,"pivot":{"x":883.8058471679688,"y":768.202880859375,"z":-1126.3746337890625},"rotation":{"x":0.008212164044380188,"y":-0.0013782343594357372,"z":-0.0005025987047702074,"w":1.000236988067627},"size":138.71450805664063,"orthographic":false}