{"cameraMode":{"drawMode":0,"name":"Shaded","section":"Shading Mode"},"sceneLighting":true,"audioPlay":false,"sceneViewState":{"m_AlwaysRefresh":false,"showFog":true,"showSkybox":true,"showFlares":true,"showImageEffects":true,"showParticleSystems":true,"showVisualEffectGraphs":true,"m_FxEnabled":true},"in2DMode":false,"pivot":{"x":0.20420461893081666,"y":-4.09899377822876,"z":11.050310134887696},"rotation":{"x":-0.16307544708251954,"y":-0.0056262752041220669,"z":0.0009298230288550258,"w":-0.9865997433662415},"size":8.0338773727417,"orthographic":false}