{"cameraMode":{"drawMode":0,"name":"Shaded","section":"Shading Mode"},"sceneLighting":true,"audioPlay":false,"sceneViewState":{"m_AlwaysRefresh":false,"showFog":true,"showSkybox":true,"showFlares":true,"showImageEffects":true,"showParticleSystems":true,"showVisualEffectGraphs":true,"m_FxEnabled":true},"in2DMode":false,"pivot":{"x":499.5621337890625,"y":-60.218502044677737,"z":567.9635620117188},"rotation":{"x":0.22431492805480958,"y":-0.11423235386610031,"z":0.02591743879020214,"w":0.9677253365516663},"size":450.4124450683594,"orthographic":false}