{"cameraMode":{"drawMode":0,"name":"Shaded","section":"Shading Mode"},"sceneLighting":true,"audioPlay":false,"sceneViewState":{"m_AlwaysRefresh":false,"showFog":true,"showSkybox":true,"showFlares":true,"showImageEffects":true,"showParticleSystems":true,"showVisualEffectGraphs":true,"m_FxEnabled":true},"in2DMode":false,"pivot":{"x":57.376609802246097,"y":-3.5066282749176027,"z":50.09626388549805},"rotation":{"x":0.13465271890163423,"y":0.7481862902641296,"z":-0.16075646877288819,"w":0.6299079060554504},"size":24.403337478637697,"orthographic":false}