{"cameraMode":{"drawMode":0,"name":"Shaded","section":"Shading Mode"},"sceneLighting":false,"audioPlay":false,"sceneViewState":{"m_AlwaysRefresh":false,"showFog":true,"showSkybox":false,"showFlares":true,"showImageEffects":true,"showParticleSystems":true,"showVisualEffectGraphs":true,"m_FxEnabled":true},"in2DMode":false,"pivot":{"x":-0.05842360109090805,"y":9.257091522216797,"z":-0.09073778986930847},"rotation":{"x":-0.10064931958913803,"y":0.8798925280570984,"z":-0.2150418609380722,"w":-0.41168180108070376},"size":0.4459857642650604,"orthographic":false}