{"cameraMode":{"drawMode":0,"name":"Shaded","section":"Shading Mode"},"sceneLighting":false,"audioPlay":false,"sceneViewState":{"m_AlwaysRefresh":false,"showFog":true,"showSkybox":false,"showFlares":true,"showImageEffects":true,"showParticleSystems":true,"showVisualEffectGraphs":true,"m_FxEnabled":true},"in2DMode":false,"pivot":{"x":49.94371032714844,"y":-20.014867782592775,"z":105.9831771850586},"rotation":{"x":-0.28811728954315188,"y":-0.031375642865896228,"z":0.009519507177174092,"w":-0.9570871591567993},"size":0.8660253882408142,"orthographic":false}