{"cameraMode":{"drawMode":0,"name":"Shaded","section":"Shading Mode"},"sceneLighting":false,"audioPlay":false,"sceneViewState":{"m_AlwaysRefresh":false,"showFog":true,"showSkybox":false,"showFlares":true,"showImageEffects":true,"showParticleSystems":true,"showVisualEffectGraphs":true,"m_FxEnabled":true},"in2DMode":false,"pivot":{"x":0.40638065338134768,"y":0.564580500125885,"z":0.08771204948425293},"rotation":{"x":0.20765917003154756,"y":0.22244855761528016,"z":-0.048578597605228427,"w":0.9513662457466126},"size":1.7417103052139283,"orthographic":false}