{"cameraMode":{"drawMode":0,"name":"Shaded","section":"Shading Mode"},"sceneLighting":false,"audioPlay":false,"sceneViewState":{"m_AlwaysRefresh":false,"showFog":true,"showSkybox":false,"showFlares":true,"showImageEffects":true,"showParticleSystems":true,"showVisualEffectGraphs":true,"m_FxEnabled":true},"in2DMode":false,"pivot":{"x":-2.0538246631622316,"y":10.189482688903809,"z":-3.4766364097595217},"rotation":{"x":-0.006123145576566458,"y":0.9767425656318665,"z":-0.02814731001853943,"w":-0.2124769538640976},"size":5.388731002807617,"orthographic":false}