{"cameraMode":{"drawMode":0,"name":"Shaded","section":"Shading Mode"},"sceneLighting":false,"audioPlay":false,"sceneViewState":{"m_AlwaysRefresh":false,"showFog":true,"showSkybox":false,"showFlares":true,"showImageEffects":true,"showParticleSystems":true,"showVisualEffectGraphs":true,"m_FxEnabled":true},"in2DMode":false,"pivot":{"x":3.0802202224731447,"y":10.756745338439942,"z":-3.407850503921509},"rotation":{"x":0.035816580057144168,"y":0.49002745747566225,"z":-0.020154593512415887,"w":0.8707426190376282},"size":8.818840026855469,"orthographic":false}