{"cameraMode":{"drawMode":0,"name":"Shaded","section":"Shading Mode"},"sceneLighting":false,"audioPlay":false,"sceneViewState":{"m_AlwaysRefresh":false,"showFog":true,"showSkybox":false,"showFlares":true,"showImageEffects":true,"showParticleSystems":true,"showVisualEffectGraphs":true,"m_FxEnabled":true},"in2DMode":false,"pivot":{"x":0.018535181879997255,"y":9.486366271972657,"z":0.015094796195626259},"rotation":{"x":0.26393580436706545,"y":0.3587784767150879,"z":-0.10652092099189758,"w":0.8889755010604858},"size":0.2140325903892517,"orthographic":false}